INSERT INTO bread_category (name, weight)
VALUES  ('베이글', 500),
        ('바게트', 250),
        ('번', 500),
        ('케이크', 500),
        ('크로와상', 100),
        ('고로케', 500)
        ('휘낭시에', 500),
        ('피자빵', 500),
        ('프레첼', 500),
        ('단팥빵', 500),
        ('스콘', 500),
        ('소보로', 500),
        ('타르트', 500),
        ('식빵', 500);
COMMIT;
SELECT SLEEP(0.5);

INSERT INTO user (name, email, password, phone, user_type)
VALUES ('신은찬', 'ssafy1@ssafy.com', 'ssafy123', '010-0000-0001', 'OWNER'),
       ('김휘동', 'ssafy2@ssafy.com', 'ssafy123', '010-0000-0002', 'OWNER'),
       ('김유진', 'ssafy3@ssafy.com', 'ssafy123', '010-0000-0003', 'OWNER'),
       ('정나금', 'ssafy4@ssafy.com', 'ssafy123', '010-0000-0004', 'OWNER'),
       ('서유민', 'ssafy5@ssafy.com', 'ssafy123', '010-0000-0005', 'OWNER'),
       ('권가영', 'ssafy6@ssafy.com', 'ssafy123', '010-0000-0006', 'OWNER');
COMMIT;
SELECT SLEEP(0.5);

INSERT INTO bakery (user_id, name, description, business_registration_number, address_road, address_detail, latitude, longitude)
VALUES (1, '케이크미', '예술 작품 같은 케이크와 디저트 🍰🎨', '564-89-09871', '경북 구미시 인동중앙로3길 6', '1층', '36.1071059433858', '128.420384982333'),
       (2, '홍공주케끼', '갓 구운 빵과 신선한 재료로 만든 샌드위치 🥪', '564-89-09872', '경북 구미시 인동중앙로3길 8', '', '36.1073037482049', '128.420278049886'),
       (3, '마고나비', '겉바속촉 크로플과 다양한 토핑 🧇🍓', '564-89-09873', '경북 구미시 인동중앙로10길 5', '1층', '36.1085616986166', '128.423173375'),
       (4, '꾸에 디저트', '고급 원두와 함께하는 스페셜티 베이커리 ☕🥐', '564-89-09874', '경북 구미시 인동6길 13-2', '1층', '36.1029502760427', '128.420894470476'),
       (5, '핸즈커피', '부드러운 크림이 가득한 크림빵 전문점! 🥯🍦', '564-89-09875', '경북 구미시 여헌로 32-5', '1층', '36.1044282248752', '128.42559699093'),
       (6, '우리밀베이커리', '건강한 재료로 만든 비건 & 글루텐프리 빵 🌿', '564-89-09876', '경북 구미시 수출대로 562', '1층', '36.1105096109968', '128.426481838832');
COMMIT;
SELECT SLEEP(0.5);

INSERT INTO bread (bakery_id, bread_category_id, name, price)
VALUES (1, 6, '케이크미_소보로_0', 3100),
       (1, 3, '케이크미_플레인 베이글_0', 2900),
       (1, 2, '케이크미_크림 크로와상_0', 2000),
       (1, 14, '케이크미_플레인 스콘_0', 2300),
       (1, 7, '케이크미_슈크림빵_0', 2700),
       (1, 5, '케이크미_우유 식빵_0', 3200),
       (1, 2, '케이크미_초코 크로와상_1', 2500),
       (1, 14, '케이크미_블루베리 스콘_1', 1600),
       (2, 9, '홍공주케끼_레몬 휘낭시에_0', 1800),
       (2, 12, '홍공주케끼_초코 케이크_0', 2400),
       (2, 2, '홍공주케끼_크림 크로와상_0', 3100),
       (2, 15, '홍공주케끼_햄 치즈 샌드위치_0', 3300),
       (2, 3, '홍공주케끼_플레인 베이글_0', 3400),
       (2, 5, '홍공주케끼_우유 식빵_0', 2800),
       (2, 5, '홍공주케끼_밤식빵_1', 3100),
       (2, 3, '홍공주케끼_블루베리 베이글_1', 2300),
       (3, 1, '마고나비_프렌치 바게트_0', 2700),
       (3, 14, '마고나비_플레인 스콘_0', 2100),
       (3, 16, '마고나비_에그 타르트_0', 2100),
       (3, 7, '마고나비_슈크림빵_0', 1600),
       (3, 8, '마고나비_버터 번_0', 3200),
       (3, 4, '마고나비_전통 단팥빵_0', 3200),
       (3, 1, '마고나비_갈릭 바게트_1', 3000),
       (3, 7, '마고나비_생크림빵_1', 1500),
       (4, 9, '꾸에 디저트_레몬 휘낭시에_0', 2800),
       (4, 5, '꾸에 디저트_우유 식빵_0', 2100),
       (4, 11, '꾸에 디저트_애플 패스츄리_0', 1800),
       (4, 2, '꾸에 디저트_크림 크로와상_0', 2600),
       (4, 14, '꾸에 디저트_플레인 스콘_0', 2600),
       (4, 10, '꾸에 디저트_초코 롤_0', 2400),
       (4, 5, '꾸에 디저트_밤식빵_1', 3400),
       (4, 9, '꾸에 디저트_아몬드 휘낭시에_1', 1800),
       (5, 16, '핸즈커피_에그 타르트_0', 2400),
       (5, 10, '핸즈커피_초코 롤_0', 2000),
       (5, 6, '핸즈커피_소보로_0', 3100),
       (5, 12, '핸즈커피_초코 케이크_0', 1500),
       (5, 2, '핸즈커피_크림 크로와상_0', 1700),
       (5, 14, '핸즈커피_플레인 스콘_0', 3200),
       (5, 2, '핸즈커피_초코 크로와상_1', 1800),
       (5, 12, '핸즈커피_딸기 케이크_1', 2900),
       (6, 13, '우리밀베이커리_솔트 프레첼_0', 2500),
       (6, 14, '우리밀베이커리_플레인 스콘_0', 1500),
       (6, 10, '우리밀베이커리_초코 롤_0', 2300),
       (6, 7, '우리밀베이커리_슈크림빵_0', 2400),
       (6, 16, '우리밀베이커리_에그 타르트_0', 2900),
       (6, 3, '우리밀베이커리_플레인 베이글_0', 1600),
       (6, 16, '우리밀베이커리_레몬 타르트_1', 2300),
       (6, 14, '우리밀베이커리_블루베리 스콘_1', 2500);
COMMIT;
SELECT SLEEP(0.5);

INSERT INTO stock (bakery_id, bread_id, quantity, date)
VALUES (1, 1, 1, '2024-01-02'),
       (1, 1, 1, '2024-01-03'),
       (1, 3, 3, '2024-01-04'),
       (1, 2, 5, '2024-01-04'),
       (1, 1, 3, '2024-01-04'),
       (1, 2, 1, '2024-01-05'),
       (1, 3, 4, '2024-01-05'),
       (1, 3, 5, '2024-01-06'),
       (1, 3, 2, '2024-01-06'),
       (1, 3, 2, '2024-01-07'),
       (1, 3, 4, '2024-01-07'),
       (1, 2, 4, '2024-01-07'),
       (1, 3, 2, '2024-01-09'),
       (1, 1, 3, '2024-01-09'),
       (1, 1, 1, '2024-01-09'),
       (1, 3, 2, '2024-01-10'),
       (1, 2, 3, '2024-01-10'),
       (1, 3, 1, '2024-01-10'),
       (1, 3, 1, '2024-01-11'),
       (1, 1, 2, '2024-01-12'),
       (1, 3, 4, '2024-01-12'),
       (1, 3, 2, '2024-01-12'),
       (1, 1, 2, '2024-01-13'),
       (1, 3, 1, '2024-01-14'),
       (1, 1, 3, '2024-01-14'),
       (1, 2, 5, '2024-01-14'),
       (1, 1, 2, '2024-01-16'),
       (1, 1, 4, '2024-01-17'),
       (1, 1, 4, '2024-01-18'),
       (1, 2, 1, '2024-01-18'),
       (1, 3, 4, '2024-01-18'),
       (1, 1, 4, '2024-01-19'),
       (1, 2, 5, '2024-01-19'),
       (1, 2, 2, '2024-01-19'),
       (1, 3, 2, '2024-01-20'),
       (1, 2, 3, '2024-01-20'),
       (1, 1, 2, '2024-01-21'),
       (1, 1, 1, '2024-01-21'),
       (1, 1, 4, '2024-01-21'),
       (1, 2, 2, '2024-01-23'),
       (1, 2, 3, '2024-01-24'),
       (1, 2, 2, '2024-01-24'),
       (1, 3, 2, '2024-01-24'),
       (1, 2, 2, '2024-01-25'),
       (1, 2, 4, '2024-01-25'),
       (1, 2, 4, '2024-01-25'),
       (1, 3, 3, '2024-01-26'),
       (1, 1, 2, '2024-01-27'),
       (1, 2, 2, '2024-01-27'),
       (1, 2, 3, '2024-01-28'),
       (1, 2, 3, '2024-01-28'),
       (1, 2, 4, '2024-01-28'),
       (1, 1, 5, '2024-01-30'),
       (1, 3, 1, '2024-01-31'),
       (1, 1, 4, '2024-01-31'),
       (1, 2, 5, '2024-02-01'),
       (1, 3, 5, '2024-02-02'),
       (1, 2, 5, '2024-02-02'),
       (1, 2, 2, '2024-02-02'),
       (1, 2, 2, '2024-02-03'),
       (1, 3, 5, '2024-02-04'),
       (1, 1, 1, '2024-02-06'),
       (1, 2, 4, '2024-02-06'),
       (1, 1, 4, '2024-02-06'),
       (1, 2, 5, '2024-02-07'),
       (1, 1, 5, '2024-02-08'),
       (1, 3, 3, '2024-02-08'),
       (1, 2, 2, '2024-02-08'),
       (1, 3, 3, '2024-02-09'),
       (1, 1, 2, '2024-02-09'),
       (1, 3, 1, '2024-02-10'),
       (1, 2, 2, '2024-02-11'),
       (1, 1, 2, '2024-02-11'),
       (1, 2, 2, '2024-02-11'),
       (1, 2, 3, '2024-02-13'),
       (1, 3, 4, '2024-02-13'),
       (1, 1, 1, '2024-02-13'),
       (1, 2, 1, '2024-02-14'),
       (1, 3, 5, '2024-02-15'),
       (1, 1, 3, '2024-02-15'),
       (1, 2, 1, '2024-02-15'),
       (1, 1, 1, '2024-02-16'),
       (1, 3, 2, '2024-02-16'),
       (1, 3, 5, '2024-02-16'),
       (1, 2, 5, '2024-02-17'),
       (1, 1, 4, '2024-02-17'),
       (1, 3, 5, '2024-02-17'),
       (1, 2, 4, '2024-02-18'),
       (1, 1, 3, '2024-02-18'),
       (1, 3, 2, '2024-02-20'),
       (1, 2, 5, '2024-02-21'),
       (1, 3, 1, '2024-02-21'),
       (1, 3, 5, '2024-02-21'),
       (1, 2, 4, '2024-02-22'),
       (1, 3, 1, '2024-02-22'),
       (1, 2, 4, '2024-02-22'),
       (1, 2, 1, '2024-02-23'),
       (1, 3, 5, '2024-02-23'),
       (1, 3, 3, '2024-02-24'),
       (1, 1, 5, '2024-02-25'),
       (1, 1, 1, '2024-02-27'),
       (1, 1, 4, '2024-02-27'),
       (1, 2, 2, '2024-02-27'),
       (1, 1, 5, '2024-02-28'),
       (1, 3, 4, '2024-02-29'),
       (1, 1, 4, '2024-02-29'),
       (1, 2, 1, '2024-02-29'),
       (1, 1, 1, '2024-03-01'),
       (1, 2, 4, '2024-03-01'),
       (1, 1, 4, '2024-03-01'),
       (1, 1, 1, '2024-03-02'),
       (1, 3, 4, '2024-03-02'),
       (1, 3, 5, '2024-03-03'),
       (1, 2, 3, '2024-03-03'),
       (1, 3, 3, '2024-03-05'),
       (1, 3, 1, '2024-03-05'),
       (1, 1, 3, '2024-03-05'),
       (1, 3, 1, '2024-03-06'),
       (1, 3, 2, '2024-03-06'),
       (1, 1, 2, '2024-03-07'),
       (1, 3, 5, '2024-03-07'),
       (1, 1, 2, '2024-03-07'),
       (1, 1, 1, '2024-03-08'),
       (1, 2, 2, '2024-03-08'),
       (1, 2, 1, '2024-03-08'),
       (1, 3, 3, '2024-03-09'),
       (1, 3, 5, '2024-03-10'),
       (1, 1, 2, '2024-03-10'),
       (1, 2, 1, '2024-03-12'),
       (1, 3, 5, '2024-03-12'),
       (1, 1, 5, '2024-03-12'),
       (1, 2, 1, '2024-03-13'),
       (1, 1, 5, '2024-03-14'),
       (1, 2, 4, '2024-03-14'),
       (1, 3, 3, '2024-03-15'),
       (1, 2, 4, '2024-03-15'),
       (1, 1, 2, '2024-03-16'),
       (1, 1, 4, '2024-03-17'),
       (1, 2, 2, '2024-03-19'),
       (1, 2, 1, '2024-03-19'),
       (1, 1, 1, '2024-03-20'),
       (1, 3, 2, '2024-03-21'),
       (1, 1, 3, '2024-03-21'),
       (1, 3, 5, '2024-03-22'),
       (1, 3, 3, '2024-03-22'),
       (1, 1, 2, '2024-03-22'),
       (1, 3, 3, '2024-03-23'),
       (1, 2, 2, '2024-03-23'),
       (1, 1, 1, '2024-03-23'),
       (1, 2, 2, '2024-03-24'),
       (1, 1, 3, '2024-03-24'),
       (1, 1, 5, '2024-03-24'),
       (1, 1, 1, '2024-03-26'),
       (1, 3, 2, '2024-03-27'),
       (1, 1, 5, '2024-03-27'),
       (1, 3, 5, '2024-03-28'),
       (1, 3, 4, '2024-03-28'),
       (1, 1, 2, '2024-03-29'),
       (1, 3, 5, '2024-03-29'),
       (1, 2, 1, '2024-03-29'),
       (1, 2, 4, '2024-03-30'),
       (1, 3, 2, '2024-03-30'),
       (1, 2, 3, '2024-03-30'),
       (1, 1, 1, '2024-03-31'),
       (1, 1, 5, '2024-03-31'),
       (1, 3, 4, '2024-04-02'),
       (1, 1, 5, '2024-04-03'),
       (1, 3, 1, '2024-04-04'),
       (1, 3, 2, '2024-04-05'),
       (1, 2, 1, '2024-04-06'),
       (1, 3, 1, '2024-04-06'),
       (1, 2, 5, '2024-04-07'),
       (1, 1, 1, '2024-04-07'),
       (1, 1, 1, '2024-04-09'),
       (1, 1, 4, '2024-04-09'),
       (1, 1, 1, '2024-04-09'),
       (1, 3, 3, '2024-04-10'),
       (1, 1, 3, '2024-04-10'),
       (1, 2, 5, '2024-04-11'),
       (1, 2, 5, '2024-04-12'),
       (1, 3, 2, '2024-04-12'),
       (1, 2, 4, '2024-04-13'),
       (1, 3, 5, '2024-04-13'),
       (1, 2, 3, '2024-04-14'),
       (1, 2, 1, '2024-04-14'),
       (1, 2, 4, '2024-04-16'),
       (1, 1, 3, '2024-04-16'),
       (1, 1, 3, '2024-04-17'),
       (1, 1, 3, '2024-04-18'),
       (1, 1, 2, '2024-04-19'),
       (1, 3, 2, '2024-04-19'),
       (1, 3, 1, '2024-04-20'),
       (1, 1, 4, '2024-04-20'),
       (1, 3, 5, '2024-04-20'),
       (1, 2, 4, '2024-04-21'),
       (1, 2, 1, '2024-04-21'),
       (1, 1, 2, '2024-04-21'),
       (1, 1, 5, '2024-04-23'),
       (1, 3, 3, '2024-04-24'),
       (1, 3, 3, '2024-04-24'),
       (1, 3, 3, '2024-04-24'),
       (1, 2, 1, '2024-04-25'),
       (1, 2, 1, '2024-04-25'),
       (1, 1, 1, '2024-04-25'),
       (1, 2, 5, '2024-04-26'),
       (1, 3, 2, '2024-04-27'),
       (1, 1, 2, '2024-04-27'),
       (1, 2, 4, '2024-04-28'),
       (1, 1, 2, '2024-04-30'),
       (1, 1, 2, '2024-05-01'),
       (1, 2, 1, '2024-05-01'),
       (1, 3, 4, '2024-05-02'),
       (1, 3, 3, '2024-05-02'),
       (1, 2, 1, '2024-05-02'),
       (1, 2, 2, '2024-05-03'),
       (1, 1, 3, '2024-05-03'),
       (1, 3, 2, '2024-05-04'),
       (1, 2, 5, '2024-05-04'),
       (1, 1, 4, '2024-05-04'),
       (1, 3, 3, '2024-05-05'),
       (1, 2, 2, '2024-05-05'),
       (1, 3, 4, '2024-05-05'),
       (1, 1, 3, '2024-05-07'),
       (1, 2, 2, '2024-05-07'),
       (1, 3, 3, '2024-05-08'),
       (1, 3, 3, '2024-05-09'),
       (1, 1, 4, '2024-05-09'),
       (1, 1, 2, '2024-05-09'),
       (1, 1, 2, '2024-05-10'),
       (1, 2, 2, '2024-05-11'),
       (1, 1, 5, '2024-05-11'),
       (1, 3, 1, '2024-05-11'),
       (1, 1, 3, '2024-05-12'),
       (1, 3, 2, '2024-05-14'),
       (1, 1, 2, '2024-05-14'),
       (1, 1, 5, '2024-05-15'),
       (1, 2, 4, '2024-05-15'),
       (1, 1, 5, '2024-05-15'),
       (1, 2, 3, '2024-05-16'),
       (1, 2, 1, '2024-05-16'),
       (1, 1, 3, '2024-05-17'),
       (1, 2, 4, '2024-05-17'),
       (1, 2, 5, '2024-05-18'),
       (1, 1, 5, '2024-05-18'),
       (1, 3, 4, '2024-05-18'),
       (1, 1, 4, '2024-05-19'),
       (1, 3, 3, '2024-05-19'),
       (1, 2, 2, '2024-05-19'),
       (1, 3, 5, '2024-05-21'),
       (1, 1, 3, '2024-05-21'),
       (1, 2, 5, '2024-05-21'),
       (1, 2, 4, '2024-05-22'),
       (1, 1, 4, '2024-05-22'),
       (1, 2, 3, '2024-05-22'),
       (1, 2, 1, '2024-05-23'),
       (1, 3, 3, '2024-05-23'),
       (1, 3, 4, '2024-05-23'),
       (1, 1, 5, '2024-05-24'),
       (1, 1, 2, '2024-05-24'),
       (1, 3, 5, '2024-05-24'),
       (1, 3, 3, '2024-05-25'),
       (1, 3, 5, '2024-05-25'),
       (1, 1, 2, '2024-05-25'),
       (1, 1, 5, '2024-05-26'),
       (1, 3, 1, '2024-05-28'),
       (1, 3, 5, '2024-05-28'),
       (1, 1, 3, '2024-05-29'),
       (1, 3, 2, '2024-05-30'),
       (1, 3, 3, '2024-05-31'),
       (1, 1, 3, '2024-05-31'),
       (1, 3, 4, '2024-05-31'),
       (1, 1, 3, '2024-06-01'),
       (1, 2, 1, '2024-06-01'),
       (1, 3, 1, '2024-06-01'),
       (1, 1, 1, '2024-06-02'),
       (1, 2, 3, '2024-06-04'),
       (1, 1, 3, '2024-06-05'),
       (1, 3, 2, '2024-06-06'),
       (1, 3, 2, '2024-06-06'),
       (1, 1, 3, '2024-06-06'),
       (1, 1, 4, '2024-06-07'),
       (1, 2, 3, '2024-06-07'),
       (1, 3, 5, '2024-06-07'),
       (1, 1, 1, '2024-06-08'),
       (1, 2, 2, '2024-06-09'),
       (1, 1, 2, '2024-06-09'),
       (1, 2, 4, '2024-06-09'),
       (1, 3, 5, '2024-06-11'),
       (1, 1, 2, '2024-06-11'),
       (1, 2, 1, '2024-06-11'),
       (1, 2, 5, '2024-06-12'),
       (1, 1, 4, '2024-06-13'),
       (1, 2, 2, '2024-06-14'),
       (1, 3, 5, '2024-06-15'),
       (1, 1, 2, '2024-06-16'),
       (1, 3, 2, '2024-06-16'),
       (1, 1, 2, '2024-06-18'),
       (1, 2, 1, '2024-06-18'),
       (1, 3, 2, '2024-06-19'),
       (1, 1, 5, '2024-06-20'),
       (1, 3, 5, '2024-06-21'),
       (1, 2, 1, '2024-06-22'),
       (1, 3, 4, '2024-06-22'),
       (1, 2, 1, '2024-06-22'),
       (1, 1, 5, '2024-06-23'),
       (1, 3, 3, '2024-06-23'),
       (1, 1, 5, '2024-06-23'),
       (1, 1, 2, '2024-06-25'),
       (1, 3, 3, '2024-06-25'),
       (1, 3, 4, '2024-06-26'),
       (1, 2, 1, '2024-06-26'),
       (1, 3, 4, '2024-06-27'),
       (1, 3, 1, '2024-06-28'),
       (1, 1, 1, '2024-06-28'),
       (1, 2, 4, '2024-06-29'),
       (1, 2, 4, '2024-06-29'),
       (1, 2, 4, '2024-06-29'),
       (1, 2, 4, '2024-06-30'),
       (1, 1, 3, '2024-06-30'),
       (1, 1, 5, '2024-06-30'),
       (1, 3, 2, '2024-07-02'),
       (1, 2, 2, '2024-07-02'),
       (1, 1, 1, '2024-07-03'),
       (1, 3, 3, '2024-07-03'),
       (1, 3, 4, '2024-07-04'),
       (1, 1, 1, '2024-07-04'),
       (1, 3, 4, '2024-07-04'),
       (1, 2, 5, '2024-07-05'),
       (1, 2, 1, '2024-07-05'),
       (1, 1, 2, '2024-07-05'),
       (1, 3, 5, '2024-07-06'),
       (1, 2, 3, '2024-07-06'),
       (1, 3, 2, '2024-07-07'),
       (1, 3, 2, '2024-07-07'),
       (1, 1, 2, '2024-07-09'),
       (1, 3, 1, '2024-07-09'),
       (1, 3, 1, '2024-07-09'),
       (1, 1, 5, '2024-07-10'),
       (1, 1, 4, '2024-07-11'),
       (1, 2, 5, '2024-07-11'),
       (1, 1, 1, '2024-07-12'),
       (1, 1, 1, '2024-07-12'),
       (1, 3, 3, '2024-07-13'),
       (1, 3, 5, '2024-07-14'),
       (1, 2, 2, '2024-07-14'),
       (1, 3, 3, '2024-07-16'),
       (1, 1, 5, '2024-07-16'),
       (1, 2, 1, '2024-07-17'),
       (1, 1, 5, '2024-07-18'),
       (1, 2, 1, '2024-07-19'),
       (1, 3, 4, '2024-07-20'),
       (1, 2, 2, '2024-07-21'),
       (1, 2, 4, '2024-07-21'),
       (1, 2, 2, '2024-07-23'),
       (1, 2, 2, '2024-07-23'),
       (1, 2, 4, '2024-07-23'),
       (1, 1, 2, '2024-07-24'),
       (1, 3, 3, '2024-07-24'),
       (1, 2, 4, '2024-07-24'),
       (1, 1, 2, '2024-07-25'),
       (1, 2, 2, '2024-07-25'),
       (1, 1, 2, '2024-07-26'),
       (1, 1, 4, '2024-07-26'),
       (1, 1, 4, '2024-07-26'),
       (1, 2, 4, '2024-07-27'),
       (1, 3, 1, '2024-07-27'),
       (1, 1, 3, '2024-07-28'),
       (1, 1, 3, '2024-07-28'),
       (1, 2, 5, '2024-07-28'),
       (1, 1, 5, '2024-07-30'),
       (1, 1, 2, '2024-07-30'),
       (1, 1, 3, '2024-07-30'),
       (1, 2, 2, '2024-07-31'),
       (1, 3, 3, '2024-08-01'),
       (1, 2, 4, '2024-08-01'),
       (1, 3, 1, '2024-08-02'),
       (1, 2, 2, '2024-08-03'),
       (1, 3, 5, '2024-08-03'),
       (1, 1, 3, '2024-08-03'),
       (1, 1, 1, '2024-08-04'),
       (1, 1, 4, '2024-08-04'),
       (1, 2, 4, '2024-08-06'),
       (1, 1, 5, '2024-08-06'),
       (1, 1, 3, '2024-08-07'),
       (1, 3, 2, '2024-08-07'),
       (1, 3, 4, '2024-08-08'),
       (1, 3, 3, '2024-08-08'),
       (1, 1, 3, '2024-08-09'),
       (1, 1, 3, '2024-08-10'),
       (1, 1, 2, '2024-08-10'),
       (1, 1, 4, '2024-08-11'),
       (1, 3, 3, '2024-08-11'),
       (1, 2, 1, '2024-08-13'),
       (1, 2, 1, '2024-08-13'),
       (1, 2, 3, '2024-08-13'),
       (1, 2, 3, '2024-08-14'),
       (1, 2, 4, '2024-08-14'),
       (1, 1, 3, '2024-08-15'),
       (1, 2, 5, '2024-08-15'),
       (1, 1, 2, '2024-08-15'),
       (1, 2, 4, '2024-08-16'),
       (1, 1, 1, '2024-08-16'),
       (1, 1, 2, '2024-08-16'),
       (1, 2, 1, '2024-08-17'),
       (1, 1, 3, '2024-08-17'),
       (1, 1, 5, '2024-08-18'),
       (1, 1, 5, '2024-08-20'),
       (1, 3, 5, '2024-08-20'),
       (1, 2, 5, '2024-08-20'),
       (1, 2, 4, '2024-08-21'),
       (1, 3, 2, '2024-08-21'),
       (1, 3, 5, '2024-08-21'),
       (1, 1, 5, '2024-08-22'),
       (1, 3, 3, '2024-08-23'),
       (1, 3, 1, '2024-08-23'),
       (1, 1, 5, '2024-08-24'),
       (1, 1, 5, '2024-08-25'),
       (1, 3, 1, '2024-08-27'),
       (1, 2, 2, '2024-08-27'),
       (1, 1, 4, '2024-08-27'),
       (1, 3, 4, '2024-08-28'),
       (1, 1, 4, '2024-08-28'),
       (1, 3, 3, '2024-08-29'),
       (1, 3, 4, '2024-08-29'),
       (1, 3, 5, '2024-08-29'),
       (1, 1, 1, '2024-08-30'),
       (1, 1, 5, '2024-08-30'),
       (1, 1, 2, '2024-08-31'),
       (1, 2, 4, '2024-08-31'),
       (1, 3, 5, '2024-09-01'),
       (1, 3, 4, '2024-09-01'),
       (1, 1, 4, '2024-09-03'),
       (1, 3, 2, '2024-09-03'),
       (1, 3, 5, '2024-09-04'),
       (1, 2, 4, '2024-09-04'),
       (1, 3, 4, '2024-09-04'),
       (1, 3, 5, '2024-09-05'),
       (1, 1, 1, '2024-09-06'),
       (1, 1, 2, '2024-09-07'),
       (1, 1, 1, '2024-09-07'),
       (1, 3, 4, '2024-09-08'),
       (1, 1, 2, '2024-09-10'),
       (1, 1, 3, '2024-09-11'),
       (1, 1, 5, '2024-09-11'),
       (1, 1, 1, '2024-09-12'),
       (1, 3, 3, '2024-09-12'),
       (1, 2, 4, '2024-09-13'),
       (1, 2, 4, '2024-09-13'),
       (1, 2, 2, '2024-09-14'),
       (1, 1, 3, '2024-09-14'),
       (1, 2, 2, '2024-09-15'),
       (1, 1, 2, '2024-09-17'),
       (1, 2, 1, '2024-09-17'),
       (1, 3, 1, '2024-09-17'),
       (1, 3, 1, '2024-09-18'),
       (1, 2, 3, '2024-09-18'),
       (1, 3, 2, '2024-09-19'),
       (1, 2, 5, '2024-09-19'),
       (1, 3, 5, '2024-09-19'),
       (1, 3, 2, '2024-09-20'),
       (1, 3, 4, '2024-09-20'),
       (1, 3, 3, '2024-09-20'),
       (1, 3, 5, '2024-09-21'),
       (1, 1, 1, '2024-09-21'),
       (1, 3, 4, '2024-09-22'),
       (1, 2, 5, '2024-09-22'),
       (1, 3, 3, '2024-09-22'),
       (1, 2, 2, '2024-09-24'),
       (1, 3, 5, '2024-09-24'),
       (1, 2, 1, '2024-09-25'),
       (1, 3, 1, '2024-09-25'),
       (1, 2, 4, '2024-09-25'),
       (1, 3, 1, '2024-09-26'),
       (1, 2, 1, '2024-09-27'),
       (1, 1, 5, '2024-09-27'),
       (1, 2, 4, '2024-09-28'),
       (1, 1, 4, '2024-09-28'),
       (1, 1, 1, '2024-09-29'),
       (1, 2, 5, '2024-10-01'),
       (1, 3, 4, '2024-10-01'),
       (1, 2, 2, '2024-10-02'),
       (1, 1, 1, '2024-10-02'),
       (1, 1, 1, '2024-10-02'),
       (1, 3, 4, '2024-10-03'),
       (1, 3, 2, '2024-10-03'),
       (1, 1, 1, '2024-10-04'),
       (1, 3, 4, '2024-10-04'),
       (1, 3, 2, '2024-10-05'),
       (1, 2, 3, '2024-10-05'),
       (1, 3, 1, '2024-10-05'),
       (1, 2, 2, '2024-10-06'),
       (1, 3, 2, '2024-10-06'),
       (1, 2, 1, '2024-10-08'),
       (1, 1, 5, '2024-10-08'),
       (1, 2, 4, '2024-10-08'),
       (1, 3, 2, '2024-10-09'),
       (1, 2, 4, '2024-10-10'),
       (1, 2, 2, '2024-10-11'),
       (1, 3, 1, '2024-10-11'),
       (1, 1, 5, '2024-10-12'),
       (1, 2, 3, '2024-10-12'),
       (1, 3, 3, '2024-10-13'),
       (1, 1, 5, '2024-10-13'),
       (1, 2, 1, '2024-10-13'),
       (1, 1, 4, '2024-10-15'),
       (1, 1, 1, '2024-10-16'),
       (1, 1, 2, '2024-10-16'),
       (1, 1, 4, '2024-10-17'),
       (1, 2, 5, '2024-10-17'),
       (1, 3, 1, '2024-10-18'),
       (1, 3, 4, '2024-10-19'),
       (1, 1, 5, '2024-10-20'),
       (1, 3, 2, '2024-10-20'),
       (1, 1, 4, '2024-10-22'),
       (1, 2, 4, '2024-10-22'),
       (1, 1, 5, '2024-10-23'),
       (1, 2, 2, '2024-10-24'),
       (1, 3, 1, '2024-10-25'),
       (1, 3, 2, '2024-10-25'),
       (1, 3, 4, '2024-10-25'),
       (1, 3, 1, '2024-10-26'),
       (1, 1, 1, '2024-10-26'),
       (1, 1, 5, '2024-10-27'),
       (1, 2, 4, '2024-10-27'),
       (1, 2, 1, '2024-10-27'),
       (1, 2, 2, '2024-10-29'),
       (1, 1, 3, '2024-10-30'),
       (1, 2, 3, '2024-10-30'),
       (1, 3, 5, '2024-10-31'),
       (1, 3, 1, '2024-10-31'),
       (1, 2, 1, '2024-11-01'),
       (1, 1, 2, '2024-11-01'),
       (1, 2, 1, '2024-11-02'),
       (1, 1, 4, '2024-11-02'),
       (1, 2, 1, '2024-11-03'),
       (1, 1, 5, '2024-11-03'),
       (1, 1, 3, '2024-11-05'),
       (1, 2, 2, '2024-11-06'),
       (1, 1, 4, '2024-11-06'),
       (1, 3, 3, '2024-11-06'),
       (1, 1, 1, '2024-11-07'),
       (1, 3, 3, '2024-11-07'),
       (1, 1, 1, '2024-11-07'),
       (1, 2, 5, '2024-11-08'),
       (1, 1, 2, '2024-11-08'),
       (1, 1, 5, '2024-11-09'),
       (1, 1, 4, '2024-11-09'),
       (1, 3, 3, '2024-11-10'),
       (1, 3, 3, '2024-11-10'),
       (1, 1, 4, '2024-11-10'),
       (1, 3, 1, '2024-11-12'),
       (1, 2, 5, '2024-11-13'),
       (1, 3, 2, '2024-11-14'),
       (1, 3, 1, '2024-11-15'),
       (1, 1, 5, '2024-11-15'),
       (1, 2, 2, '2024-11-16'),
       (1, 3, 2, '2024-11-17'),
       (1, 3, 1, '2024-11-17'),
       (1, 2, 2, '2024-11-17'),
       (1, 3, 2, '2024-11-19'),
       (1, 1, 2, '2024-11-20'),
       (1, 3, 4, '2024-11-20'),
       (1, 3, 4, '2024-11-20'),
       (1, 3, 1, '2024-11-21'),
       (1, 1, 4, '2024-11-22'),
       (1, 3, 2, '2024-11-22'),
       (1, 1, 1, '2024-11-22'),
       (1, 1, 5, '2024-11-23'),
       (1, 2, 5, '2024-11-24'),
       (1, 2, 3, '2024-11-24'),
       (1, 3, 4, '2024-11-26'),
       (1, 2, 2, '2024-11-27'),
       (1, 2, 4, '2024-11-28'),
       (1, 2, 1, '2024-11-29'),
       (1, 1, 2, '2024-11-29'),
       (1, 1, 1, '2024-11-30'),
       (1, 2, 3, '2024-11-30'),
       (1, 1, 3, '2024-11-30'),
       (1, 1, 3, '2024-12-01'),
       (1, 3, 4, '2024-12-01'),
       (1, 1, 4, '2024-12-03'),
       (1, 1, 1, '2024-12-04'),
       (1, 2, 1, '2024-12-05'),
       (1, 2, 2, '2024-12-05'),
       (1, 3, 3, '2024-12-05'),
       (1, 3, 5, '2024-12-06'),
       (1, 1, 4, '2024-12-06'),
       (1, 2, 5, '2024-12-06'),
       (1, 2, 1, '2024-12-07'),
       (1, 2, 4, '2024-12-08'),
       (1, 1, 1, '2024-12-10'),
       (1, 2, 5, '2024-12-10'),
       (1, 2, 1, '2024-12-11'),
       (1, 2, 1, '2024-12-11'),
       (1, 1, 4, '2024-12-12'),
       (1, 2, 3, '2024-12-12'),
       (1, 3, 1, '2024-12-13'),
       (1, 2, 4, '2024-12-14'),
       (1, 1, 2, '2024-12-14'),
       (1, 1, 3, '2024-12-15'),
       (1, 1, 3, '2024-12-15'),
       (1, 1, 2, '2024-12-17'),
       (1, 3, 3, '2024-12-18'),
       (1, 2, 4, '2024-12-19'),
       (1, 2, 4, '2024-12-19'),
       (1, 3, 5, '2024-12-19'),
       (1, 3, 1, '2024-12-20'),
       (1, 3, 1, '2024-12-20'),
       (1, 2, 5, '2024-12-21'),
       (1, 2, 1, '2024-12-21'),
       (1, 1, 4, '2024-12-21'),
       (1, 3, 5, '2024-12-22'),
       (1, 1, 1, '2024-12-22'),
       (1, 1, 4, '2024-12-24'),
       (1, 2, 1, '2024-12-24'),
       (1, 1, 4, '2024-12-25'),
       (1, 2, 5, '2024-12-25'),
       (1, 1, 4, '2024-12-26'),
       (1, 1, 2, '2024-12-26'),
       (1, 2, 3, '2024-12-27'),
       (1, 3, 4, '2024-12-28'),
       (1, 1, 4, '2024-12-29'),
       (1, 2, 1, '2024-12-29'),
       (1, 1, 3, '2024-12-29'),
       (1, 3, 4, '2024-12-31'),
       (1, 3, 2, '2024-12-31'),
       (1, 3, 3, '2025-01-01'),
       (1, 1, 3, '2025-01-01'),
       (1, 1, 3, '2025-01-01'),
       (1, 1, 3, '2025-01-02'),
       (1, 2, 4, '2025-01-03'),
       (1, 3, 2, '2025-01-03'),
       (1, 3, 4, '2025-01-03'),
       (1, 3, 5, '2025-01-04'),
       (1, 1, 3, '2025-01-04'),
       (1, 2, 1, '2025-01-04'),
       (1, 2, 4, '2025-01-05'),
       (1, 1, 1, '2025-01-07'),
       (1, 3, 2, '2025-01-08'),
       (1, 1, 2, '2025-01-09'),
       (1, 2, 1, '2025-01-09'),
       (1, 2, 5, '2025-01-10'),
       (1, 3, 4, '2025-01-11'),
       (1, 3, 3, '2025-01-12'),
       (1, 2, 5, '2025-01-14'),
       (1, 3, 3, '2025-01-14'),
       (1, 1, 3, '2025-01-14'),
       (1, 2, 2, '2025-01-15'),
       (1, 1, 1, '2025-01-15'),
       (1, 2, 2, '2025-01-15'),
       (1, 2, 1, '2025-01-16'),
       (1, 3, 4, '2025-01-17'),
       (1, 2, 5, '2025-01-17'),
       (1, 3, 1, '2025-01-18'),
       (1, 3, 4, '2025-01-19'),
       (1, 2, 1, '2025-01-19'),
       (1, 3, 1, '2025-01-21'),
       (1, 2, 2, '2025-01-22'),
       (1, 3, 4, '2025-01-22'),
       (1, 1, 4, '2025-01-23'),
       (1, 3, 4, '2025-01-23'),
       (1, 2, 1, '2025-01-23'),
       (1, 2, 4, '2025-01-24'),
       (1, 3, 2, '2025-01-25'),
       (1, 1, 1, '2025-01-26'),
       (1, 2, 5, '2025-01-26'),
       (1, 1, 1, '2025-01-28'),
       (1, 2, 4, '2025-01-28'),
       (1, 1, 1, '2025-01-28'),
       (1, 3, 1, '2025-01-29'),
       (1, 3, 3, '2025-01-29'),
       (1, 3, 2, '2025-01-29'),
       (1, 2, 3, '2025-01-30'),
       (1, 2, 1, '2025-01-31'),
       (1, 2, 2, '2025-02-01'),
       (1, 2, 1, '2025-02-01'),
       (1, 3, 3, '2025-02-01'),
       (1, 1, 2, '2025-02-02'),
       (1, 3, 4, '2025-02-04'),
       (1, 3, 5, '2025-02-04');
COMMIT;
SELECT SLEEP(0.5);

INSERT INTO `bbanggu`.`bread_package`
(`bakery_id`, `name`, `price`, `quantity`)
VALUES (1, '빵꾸러미1', 50000, 2),
       (2, '빵꾸러미2', 6000, 5),
       (3, '빵꾸러미3', 2500, 7);
COMMIT;
